id,name,created_time
8.27346E+14,Stanishev PES President,1/18/2022
1.01798E+14,Khunjerav Alpine,12/14/2021
2.83658E+14,Qaiser Ahmed Raja,11/25/2021
1.8027E+14,EDISU - Campus Piemonte,8/12/2021
1.04353E+14,Alejandra Quiroz Tv,7/6/2021
1.05573E+14,ManahilDesigns,7/3/2021
1.60935E+15,Integza,6/12/2021
9.11466E+14,Zia Khan,6/4/2021
3.7702E+14,Enablers,5/26/2021
1.18424E+14,Mathematics & Abstractions,5/22/2021
8.02831E+14,Ali Aftab Saeed,4/22/2021
3.42967E+14,Property consultants soan gardens,4/8/2021
1.31825E+15,Abhishek Upmanyu,3/28/2021
1.10527E+14,All Past Papers & Tests Preparation Data,3/3/2021
48947135361,Bill Nye The Science Guy,12/6/2020
1.74579E+15,UR Counselor,12/3/2020
2.69433E+14,Shehrbano Kayani,11/26/2020
1.02499E+14,Wajid Real Estate,10/23/2020
8.60028E+14,Apprel 360,10/2/2020
1.10622E+14,fahadraja009,9/29/2020
1.0647E+14,عبود.Abod,9/20/2020
1.0255E+14,"All Pakistan Private Schools and Colleges Association ,Chakwal",9/10/2020
1.01113E+14,WSL Education Consultants,9/9/2020
1.10813E+14,Kitchen suppliers,9/1/2020
1.01622E+14,Homes Way Builders,8/24/2020
1.7671E+15,پاکستان مسلم لیگ ن ڈھوڈہ,8/7/2020
2.43957E+14,Ghousia Enterprises,8/7/2020
1.07717E+14,MemeiYat,8/2/2020
1.19233E+14,Haseeb Productions,7/28/2020
7.85153E+14,Sheikhspeare,6/5/2020
2.20273E+14,The Hoodbhoyist,5/23/2020
1.22892E+14,"Kallar Kahar Science College ,Kallar Kahar , 0fficial",5/12/2020
1.05907E+14,Learning with Asad,4/23/2020
2.49121E+14,The Learning Room,4/12/2020
2.00022E+14,JDC Foundation Pakistan,4/10/2020
1.03064E+14,Voice of Chakwal,3/27/2020
1.05938E+14,Comsats Mathematics Society,3/11/2020
1.03416E+14,Dhoda Punjab - Official,3/7/2020
3.45399E+14,Raja Waqas Ahmed  Teacher \/ Trainer,3/4/2020
4.69951E+14,Arslan Ash,2/23/2020
1.63117E+14,Extreme Commerce,2/2/2020
2.49195E+14,Protaa,1/12/2020
1.05461E+14,Miss  S W I G G Y ツ,1/12/2020
4.34784E+14,20xxkid,1/11/2020
2.39225E+15,What.If,12/22/2019
1.61474E+14,Dr. Tahir Mumtaz Awan,12/16/2019
1.14909E+14,LNL,12/6/2019
3.05592E+14,UNFAK Lines,11/10/2019
2.59323E+14,سید جون ایلیا,10/19/2019
3.13837E+14,Rehman Faris,10/5/2019
2.75067E+14,TACS Comsats Islamabad,9/11/2019
4.37801E+14,Math & Physics,9/6/2019
2.74184E+14,دیـــــوانِ جٙـــون,8/26/2019
6.93505E+14,Hashem Al-Ghaili,8/26/2019
8.44724E+14,سیاہ پوش,8/18/2019
4.58003E+14,The Trolling Society,8/3/2019
5.49106E+14,All Pakistan Jobs - www.employmentpk.com,7/25/2019
1.63095E+14,Opportunities Corners,7/23/2019
3.53387E+11,Freelancer,6/19/2019
8.83072E+14,Freelancer Greece,6/19/2019
3.67747E+14,Justice For Students,6/19/2019
4.18458E+14,Mathematical Ninjas,6/18/2019
7.13913E+14,Karah News,6/18/2019
1.97725E+14,3-Minute,6/18/2019
1.2655E+14,Junaid Akram,6/17/2019
9258148868,The New Yorker,6/4/2019
3.28265E+14,Sell every thing,5/23/2019
1.07765E+14,House of Bounce,5/19/2019
1.61323E+15,PPG - Pakistani PC Gamers,4/14/2019
6.13293E+14,GamesBoiler,4/11/2019
1.24292E+15,Other Perspectives,4/10/2019
1.60077E+15,ARM Apparels,4/9/2019
4.45713E+14,Comsats Mathematical Society,4/5/2019
2.19038E+15,Scientific Memes,3/27/2019
5.20495E+14,Surgical Striker,3/18/2019
2.32265E+15,Mix Up,3/14/2019
46746403383,Outfitters,1/30/2019
1.76731E+15,Fixit,1/18/2019
5.06151E+14,AB Computers Professional Services,1/6/2019
2.08279E+14,Business Network,12/31/2018
32564187193,PakGamers,12/25/2018
5.82969E+14,Bazm e Sukhan,11/20/2018
6.53068E+14,Faheem's Memes,9/7/2018
1.35996E+15,WTF Station,8/29/2018
21751825648,Justin Trudeau,8/21/2018
4.21682E+11,TIMES CONSULTANT,8/10/2018
1.3867E+14,Audi Pakistan,7/24/2018
1.91993E+14,The Hadharaam Movement.,7/19/2018
1.81342E+15,The GATE Mall & Apartments,7/19/2018
1.82632E+15,Tandori Vila,7/19/2018
1.98306E+14,Soan Gardens,6/25/2018
1.83687E+14,Motivational Guru,6/1/2018
5.52466E+14,BB Ki Vines,5/20/2018
2.0314E+14,UET's Einsteins,5/20/2018
5.30305E+14,Ducky Bhai,5/12/2018
2.25545E+14,Comsats Confessions,5/9/2018
1.55775E+15,Rajnikant V\/s CID Jokes Videos,5/9/2018
1.27975E+15,Uomo Attire,4/16/2018
7.35131E+14,Shahid Online Library,3/18/2018
90331416369,LOLism,3/2/2018
1.22676E+14,Born in 90s (1990-1999),3/2/2018
6.76767E+14,Yar Tu Esi Batein Na Kiya Kar,2/9/2018
1.47632E+14,Raja Azhar Hussain,1/17/2018
1.28205E+14,Ashraf Chaudhry,12/25/2017
1.1084E+14,Trekkers Club,12/25/2017
1.32553E+14,The Virgin Society,12/14/2017
1.68567E+15,Kalarkahar Science College Mulhal Mughlan,12/14/2017
9.33766E+14,Esaholic,12/10/2017
1.90803E+15,TagShit,12/10/2017
1.10628E+14,The LoL Production,12/10/2017
1.32003E+14,Pendu Production,11/27/2017
1.40588E+15,JoBhi TV,10/22/2017
2.55165E+14,Hansane Wali Baatien,10/13/2017
1.57083E+15,The Wahiyaat Society,10/13/2017
2.02189E+14,"Hadd hogayi sharaafat ki, pappi lelo Aamir Liaquat ki =D",10/13/2017
1.02634E+15,The Mazahiya Movement,10/13/2017
1.0401E+15,Andre Emilio,10/7/2017
1.84469E+15,Student Financial Aid Comsats,9/22/2017
4.25647E+14,Urdu adab,9/11/2017
8.27964E+14,The Dropout Comedian,8/11/2017
6.01279E+14,I love Mathematics,4/1/2017
1.97185E+14,Baba koda,3/26/2017
1.51587E+15,Sarcasm,2/15/2017
3.49435E+14,Just Pakistani,2/13/2017
3.58672E+14,Philosophy of history,1/2/2017
56230623898,Chris Record,12/7/2016
5.08197E+14,Shopism.pk,11/15/2016
1.29931E+14,BnB Accessories,10/7/2016
3.30331E+14,Phoopo ki Chalakiyan,10/6/2016
8.92239E+14,Lateefon ki Dunya,8/30/2016
1.43463E+14,Imran Khan,4/26/2016
8.89286E+14,Afsana-e-Dil,9/28/2015
6.15526E+14,Omar Malik,8/31/2015
4.20014E+14,All Qawali nusrat fateh ali khan,6/19/2015
1.58449E+15,Educational Support Program Pakistan,6/11/2015
1.09232E+14,Rahat Fateh Ali Khan,2/16/2015
2.89162E+14,Mohammad Ali Jinnah School System Chakwal,12/14/2014
1.14687E+14,Pakistan cricket team,7/27/2014
1.06105E+11,Allama Iqbal,7/27/2014
2.47102E+14,Máx Phőtőgŕáphý,6/12/2014
2.34217E+14,Rahat Fateh Ali Khan,5/23/2014
1.96677E+14,Umaima naqvi,2/16/2014
4.80299E+14,Yaad Tw Aati Ho Gi.?,2/1/2014
2.30577E+14,Islamic page,11/21/2013
1.49664E+11,Born From Trauma,11/10/2013
1.46753E+14,Squidward Tentacles,11/10/2013
1.82973E+11,Atif Aslam,11/10/2013
1.12352E+14,Junaid Jamshed,11/10/2013
1.67888E+14,Yo! Yo! Honey Singh,11/10/2013
